Timestamp,The following options include artworks in different styles. Please select all the Impressionist paintings.,The following options include artworks in different styles. Please select all the Impressionist paintings.,The following options include artworks in different styles. Please select all the Impressionist paintings.,The following options include real paintings and fake paintings generated by AI models. Please select all the paintings that seem real to you.,The following options include real paintings and fake paintings generated by AI models. Please select all the paintings that seem real to you.,The following options include real paintings and fake paintings generated by AI models. Please select all the paintings that seem real to you.
,"1-4-5","3-4","1-3-4-5","1-3-4-5","3-4-5","2-3-6"
11/21/2021 12:30:56,Option 4,"Option 3, Option 4",None of the above,None of the above,"Option 1, Option 6","Option 1, Option 4, Option 5"
11/21/2021 13:01:45,"Option 1, Option 5, Option 6","Option 1, Option 3, Option 4","Option 1, Option 3, Option 4, Option 5","Option 4, Option 5","Option 3, Option 4",Option 2
11/21/2021 13:05:21,"Option 1, Option 4, Option 5","Option 1, Option 3, Option 4","Option 1, Option 4, Option 5","Option 1, Option 3, Option 4, Option 5, Option 6","Option 3, Option 4, Option 5, Option 6","Option 2, Option 3, Option 6"
11/21/2021 13:07:36,"Option 1, Option 3","Option 3, Option 4","Option 4, Option 5","Option 2, Option 5, Option 6","Option 3, Option 4","Option 2, Option 6"
11/21/2021 13:11:25,"Option 1, Option 5","Option 3, Option 4","Option 3, Option 4, Option 5",None of the above,None of the above,None of the above
11/21/2021 13:25:12,"Option 1, Option 4, Option 5","Option 3, Option 4","Option 1, Option 3, Option 4, Option 5","Option 1, Option 3, Option 4, Option 5","Option 3, Option 4, Option 5","Option 2, Option 3, Option 6"
11/21/2021 13:55:31,"Option 1, Option 4, Option 5","Option 3, Option 4","Option 1, Option 3, Option 4, Option 5","Option 1, Option 3, Option 4, Option 5","Option 1, Option 3, Option 4, Option 5","Option 2, Option 3, Option 6"
11/21/2021 14:21:32,"Option 2, Option 4, Option 5","Option 3, Option 4","Option 1, Option 3","Option 5, Option 6","Option 2, Option 6","Option 1, Option 4, Option 5"
11/21/2021 14:23:51,Option 5,None of the above,"Option 1, Option 3","Option 1, Option 2, Option 3, Option 4, Option 5","Option 3, Option 4","Option 2, Option 3, Option 6"
11/21/2021 14:39:46,"Option 1, Option 2, Option 4","Option 3, Option 4","Option 1, Option 3, Option 4, Option 5","Option 1, Option 3, Option 4, Option 5","Option 1, Option 3, Option 4, Option 5","Option 1, Option 2, Option 6"
11/21/2021 15:01:57,None of the above,"Option 3, Option 4","Option 1, Option 3, Option 4, Option 5","Option 1, Option 3, Option 4, Option 5","Option 4, Option 5","Option 2, Option 3, Option 6"
11/21/2021 15:34:45,"Option 2, Option 3","Option 3, Option 4","Option 1, Option 3, Option 4, Option 5","Option 2, Option 4, Option 6","Option 1, Option 2, Option 4, Option 6","Option 1, Option 4, Option 6"
11/21/2021 16:07:24,"Option 3, Option 4, Option 5","Option 3, Option 4","Option 1, Option 3, Option 4, Option 5","Option 1, Option 3, Option 4, Option 6","Option 2, Option 4, Option 5","Option 2, Option 4, Option 6"
11/21/2021 16:10:36,"Option 1, Option 2, Option 4, Option 5","Option 3, Option 4","Option 1, Option 3, Option 4, Option 5","Option 2, Option 4, Option 5, Option 6","Option 1, Option 2, Option 4, Option 5, Option 6","Option 1, Option 2, Option 3, Option 6"
11/21/2021 16:32:47,"Option 1, Option 5","Option 3, Option 4","Option 3, Option 4, Option 5","Option 1, Option 3, Option 4, Option 5","Option 2, Option 3, Option 4, Option 5","Option 2, Option 3, Option 6"
11/21/2021 16:43:03,Option 6,Option 1,Option 2,"Option 1, Option 3, Option 4, Option 5","Option 1, Option 3, Option 5",Option 2
11/21/2021 17:03:40,"Option 1, Option 4, Option 5","Option 3, Option 4","Option 1, Option 3, Option 4, Option 5","Option 3, Option 5, Option 6","Option 2, Option 4, Option 6","Option 1, Option 3, Option 6"
11/21/2021 19:51:05,"Option 1, Option 2",Option 3,"Option 1, Option 3, Option 4, Option 5","Option 1, Option 2, Option 3, Option 4, Option 5, Option 6","Option 2, Option 6","Option 2, Option 3, Option 6"
11/21/2021 21:39:22,"Option 1, Option 4, Option 5","Option 3, Option 4","Option 1, Option 3, Option 4, Option 5","Option 2, Option 3, Option 4, Option 5","Option 1, Option 2, Option 4, Option 5, Option 6","Option 1, Option 2, Option 3, Option 5, Option 6"
11/21/2021 22:10:49,"Option 1, Option 2, Option 3, Option 4","Option 3, Option 4, Option 5, Option 6","Option 4, Option 5, Option 6","Option 1, Option 3, Option 4, Option 5","Option 3, Option 4, Option 5","Option 2, Option 3, Option 6"
11/22/2021 0:27:47,Option 4,"Option 3, Option 4","Option 1, Option 3, Option 4, Option 5","Option 1, Option 3, Option 5","Option 4, Option 5","Option 1, Option 2"
11/22/2021 9:29:32,"Option 1, Option 4, Option 5","Option 3, Option 4","Option 1, Option 4, Option 5","Option 1, Option 3, Option 4, Option 5","Option 2, Option 4, Option 6","Option 2, Option 3, Option 6"
11/22/2021 11:35:34,"Option 1, Option 4, Option 5","Option 3, Option 4","Option 1, Option 3, Option 4, Option 5","Option 1, Option 3, Option 4, Option 5","Option 3, Option 4, Option 5","Option 2, Option 3, Option 6"
11/22/2021 15:03:16,"Option 1, Option 4, Option 5","Option 3, Option 4","Option 1, Option 3, Option 4, Option 5",None of the above,None of the above,None of the above
11/28/2021 12:27:10,Option 6,None of the above,Option 2,"Option 1, Option 3, Option 4, Option 5","Option 1, Option 3, Option 4, Option 5","Option 2, Option 3, Option 6"
11/28/2021 13:19:09,"Option 1, Option 4, Option 5","Option 3, Option 4","Option 1, Option 3, Option 4, Option 5","Option 1, Option 4, Option 5","Option 3, Option 4, Option 5","Option 2, Option 3, Option 6"
11/28/2021 14:26:59,"Option 1, Option 4","Option 3, Option 4","Option 1, Option 3, Option 4, Option 5","Option 1, Option 3, Option 4, Option 5","Option 1, Option 3, Option 4, Option 5","Option 2, Option 3, Option 6"
11/28/2021 14:39:21,Option 1,Option 4,Option 4,"Option 1, Option 2, Option 5, Option 6","Option 1, Option 2, Option 3, Option 4","Option 1, Option 2, Option 3, Option 4, Option 5"
11/28/2021 15:54:08,Option 1,Option 4,"Option 4, Option 5","Option 3, Option 6","Option 1, Option 6","Option 1, Option 4, Option 5"
11/28/2021 16:15:17,"Option 1, Option 4, Option 5","Option 3, Option 4","Option 1, Option 4, Option 5","Option 1, Option 2, Option 3, Option 4, Option 5, Option 6","Option 1, Option 2, Option 3, Option 4, Option 5, Option 6","Option 1, Option 2, Option 3, Option 4, Option 5, Option 6"
11/28/2021 17:13:16,"Option 1, Option 2, Option 3, Option 6","Option 3, Option 4, Option 5","Option 1, Option 2, Option 3, Option 4, Option 6","Option 4, Option 5","Option 3, Option 4, Option 5","Option 2, Option 3, Option 6"
11/28/2021 18:43:03,"Option 1, Option 4, Option 5","Option 3, Option 4","Option 1, Option 3, Option 4, Option 5","Option 1, Option 3, Option 4, Option 5",Option 2,Option 2
11/28/2021 18:49:58,"Option 1, Option 4, Option 5","Option 3, Option 4","Option 1, Option 3, Option 4, Option 5","Option 2, Option 6","Option 2, Option 5, Option 6","Option 3, Option 4, Option 6"
11/28/2021 19:21:03,"Option 1, Option 4, Option 5","Option 1, Option 3, Option 4","Option 1, Option 3, Option 4, Option 5","Option 1, Option 2, Option 3, Option 4, Option 5","Option 3, Option 5","Option 2, Option 3, Option 5, Option 6"
11/28/2021 20:06:12,"Option 1, Option 4, Option 5","Option 1, Option 3, Option 4","Option 1, Option 3, Option 4, Option 5","Option 1, Option 3, Option 4, Option 5",Option 3,"Option 2, Option 3, Option 6"
11/28/2021 20:36:00,"Option 1, Option 4, Option 5, Option 6","Option 1, Option 3, Option 4","Option 1, Option 2, Option 3, Option 4, Option 5","Option 2, Option 5, Option 6","Option 1, Option 2, Option 3, Option 6","Option 1, Option 2, Option 4, Option 6"
11/28/2021 21:47:49,"Option 1, Option 4, Option 5","Option 5, Option 6","Option 1, Option 3, Option 4, Option 5","Option 1, Option 2, Option 5","Option 1, Option 2, Option 3, Option 4, Option 5, Option 6","Option 1, Option 2, Option 3, Option 4, Option 5, Option 6"
11/28/2021 22:26:14,None of the above,"Option 3, Option 4","Option 1, Option 3, Option 4, Option 5","Option 1, Option 4, Option 5","Option 3, Option 4","Option 2, Option 6"
11/28/2021 22:57:41,"Option 1, Option 2, Option 3, Option 6","Option 2, Option 3, Option 5, Option 6","Option 2, Option 6","Option 1, Option 2, Option 3, Option 4, Option 5, Option 6","Option 1, Option 3, Option 4, Option 5","Option 1, Option 2, Option 3, Option 4, Option 6"
11/28/2021 23:16:52,"Option 1, Option 4, Option 5","Option 3, Option 4","Option 1, Option 4, Option 5","Option 1, Option 6","Option 2, Option 4","Option 1, Option 2, Option 6"
11/28/2021 23:58:42,Option 6,None of the above,Option 2,"Option 1, Option 2, Option 3, Option 5, Option 6","Option 2, Option 3, Option 4, Option 5, Option 6","Option 1, Option 2, Option 3, Option 5, Option 6"
11/29/2021 9:08:30,"Option 1, Option 2, Option 4, Option 5","Option 1, Option 3, Option 4","Option 1, Option 4, Option 5","Option 1, Option 3, Option 4, Option 5","Option 3, Option 4, Option 5","Option 2, Option 3, Option 6"
11/29/2021 15:16:22,"Option 1, Option 4","Option 3, Option 4","Option 1, Option 3, Option 4, Option 5","Option 3, Option 4, Option 5","Option 3, Option 4","Option 2, Option 3, Option 6"
11/29/2021 21:24:58,"Option 1, Option 2, Option 4, Option 5","Option 3, Option 4","Option 1, Option 3, Option 4, Option 5","Option 1, Option 2, Option 3, Option 4, Option 5","Option 2, Option 3, Option 4, Option 5","Option 2, Option 3, Option 4, Option 5, Option 6"
11/30/2021 15:38:05,"Option 1, Option 4, Option 5","Option 3, Option 4","Option 1, Option 3, Option 4, Option 5","Option 1, Option 2, Option 5","Option 2, Option 4, Option 5","Option 2, Option 5"
11/30/2021 16:20:52,"Option 1, Option 4, Option 5","Option 3, Option 4","Option 1, Option 3, Option 4, Option 5","Option 1, Option 3, Option 4, Option 5","Option 2, Option 3, Option 4, Option 5","Option 2, Option 3, Option 5, Option 6"